Iter	epoch	cotton_to_abuth	abuth_to_cotton
100	1	0.129686	0.065849
200	1	0.570149	0.108873
