Iter	epoch	cotton_to_abuth	abuth_to_cotton
218	1	0.005501	0.351835
436	1	0.029956	0.151964
654	2	0.011331	0.228390
872	2	0.036258	0.091899
