Iter	epoch	cotton_to_abuth	abuth_to_cotton
30	1	0.088887	0.020717
60	1	0.418006	0.000440
