{
  "best": {
    "iter": 6758,
    "epoch": 16,
    "aAcc": 0.986546,
    "mIoU": 0.806524,
    "mAcc": 0.867526,
    "mF1": 0.882633,
    "classes": {
      "background": {
        "IoU": 0.990268,
        "Acc": 0.99687,
        "F1": 0.99511
      },
      "cotton": {
        "IoU": 0.943482,
        "Acc": 0.963576,
        "F1": 0.970919
      },
      "abuth": {
        "IoU": 0.831492,
        "Acc": 0.924585,
        "F1": 0.907994
      },
      "canger": {
        "IoU": 0.772306,
        "Acc": 0.890538,
        "F1": 0.871527
      },
      "machixian": {
        "IoU": 0.841867,
        "Acc": 0.926977,
        "F1": 0.914145
      },
      "longkui": {
        "IoU": 0.924536,
        "Acc": 0.946215,
        "F1": 0.960789
      },
      "tianxuanhua": {
        "IoU": 0.440951,
        "Acc": 0.456729,
        "F1": 0.612028
      },
      "niujincao": {
        "IoU": 0.707288,
        "Acc": 0.834719,
        "F1": 0.828552
      }
    }
  },
  "last": {
    "iter": 8502,
    "epoch": 20,
    "aAcc": 0.98356,
    "mIoU": 0.773667,
    "mAcc": 0.838952,
    "mF1": 0.863144,
    "classes": {
      "background": {
        "IoU": 0.990721,
        "Acc": 0.996673,
        "F1": 0.995339
      },
      "cotton": {
        "IoU": 0.913915,
        "Acc": 0.966757,
        "F1": 0.955021
      },
      "abuth": {
        "IoU": 0.783874,
        "Acc": 0.93167,
        "F1": 0.878845
      },
      "canger": {
        "IoU": 0.678919,
        "Acc": 0.782866,
        "F1": 0.808757
      },
      "machixian": {
        "IoU": 0.843011,
        "Acc": 0.93451,
        "F1": 0.914819
      },
      "longkui": {
        "IoU": 0.773489,
        "Acc": 0.783989,
        "F1": 0.872279
      },
      "tianxuanhua": {
        "IoU": 0.445886,
        "Acc": 0.460471,
        "F1": 0.616765
      },
      "niujincao": {
        "IoU": 0.759525,
        "Acc": 0.85468,
        "F1": 0.863329
      }
    }
  },
  "validation_rounds": 39
}