Iter	epoch	cotton_to_abuth	abuth_to_cotton
17	2	0.245455	0.234631
34	3	0.216366	0.168663
51	4	0.157834	0.124245
68	5	0.021070	0.444283
85	6	0.031716	0.331407
